/single-post/2016/06/11/5-Ways-to-Thrive-in-Major-Life-Transitions /blog/5-ways-to-thrive-in-major-life-transitions/ 301
/single-post/2016/03/22/Using-Your-Self-Consciousness-as-an-Ally /blog/using-your-self-consciousness-as-an-ally/
/single-post/2016/2/1/Ingredients-to-Attracting-Your-Soul-Mate /blog/3-ingredients-to-attracting-your-soul-mate/ 301
/single-post/2016/01/06/Essence-is-the-Story-of-Experience /blog/ 301
/single-post/2015/11/02/Information-vs-Knowledge-vs-Wisdom /blog/ 301
/single-post/2015/10/08/Do-You-Speak-Nature-How-to-receive-insights-from-nature /blog/ 301
/single-post/2015/10/08/Wheres-Your-Spirit-Don%E2%80%99t-talk-about-Politics-or-Religion-at-the-dinner-table /blog/wheres-your-spirit/ 301
/single-post/2015/09/29/Womb-Speak /blog/womb-speak 301
/single-post/2015/09/29/Pleasure /blog/ 301
/single-post/2015/09/29/Moon-Shadow /blog/moon-shadow/ 301
/single-post/2015/09/29/Receptivity /blog/ 301
/single-post/2015/09/29/Lineage-of-Divine-Femininity /blog/ 301
/single-post/2015/09/21/Initiation-Priestess-of-the-Moon /blog/ 301
/single-post/2015/09/07/Healing-with-Spirit-Plant-Medicine-A-Portal-of-Truth /blog/ 301
/single-post/2015/08/02/When-You%E2%80%99ve-Out-Grown-Your-Pond-The-Cycles-of-Friendship /blog/the-cycles-of-friendship-out-growing-the-pond/ 301
/single-post/2015/07/03/Living-in-Micro-Macro-Vision /blog/living-in-micro-macro-vision/ 301
/single-post/2015/06/04/The-Trouble-with-Idolization-How-To-Begin-To-Trust-Your-Own-Wisdom-Guidance-and-Discernment /blog/ 301
/single-post/2015/06/04/The-Earth-is-Changing-From-the-Depths-of-Her-Core-to-the-Cosmos /blog/the-earth-is-changing-from-the-depths-of-her-core-to-the-cosmos/ 301
/single-post/2015/05/01/Embodying-Your-Intentions /blog/embodying-intentions/ 301
/single-post/2015/04/23/My-Woman /blog/ 301
/single-post/2015/04/21/My-Warrior /blog/my-warrior/ 301
/single-post/2015/04/20/My-Inner-Child /blog/my-inner-child/ 301
/single-post/2015/04/03/San-Pedro-The-Divine-Masculine-The-Creator-of-Creation /blog/san-pedro-the-divine-masculine-the-creator-of-creation/ 301
/single-post/2015/04/03/Sustaining-Maintaining-Romantic-Relationships /blog/ 301
/single-post/2015/04/03/Im-Yin-it-to-Win-it /blog/im-yin-it-to-win-it/ 301
/single-post/2015/03/04/Shamballa-Reiki-A-Teacher-a-Student-a-Friend /blog/shamballa-reiki-a-teach-a-student-a-friend/ 301
/single-post/2015/03/04/Authenticity-%E2%80%93-How-You-Find-Yourself /blog/authenticity-how-to-find-yourself/ 301
/single-post/2015/02/13/Your-Relationship-to-Love /blog/your-relationship-to-love/ 301
/single-post/2015/01/31/Healing-Healed /blog/ 301
/single-post/2014/12/01/Subtle-Messages /blog/subtle-messages/ 301
/single-post/2014/11/01/Emotions-Energy-in-Motion /blog/emotions-are-energy-in-motion/ 301
/single-post/2014/10/01/Over-Coming-Our-Fears /blog/over-coming-your-fears/ 301
/single-post/2014/09/01/Focusing-on-Your-Strengths-vs-Weaknesses /blog/focusing-on-your-strengths/ 301
/single-post/2014/08/01/The-Divine-Self-Balancing-of-the-Feminine-and-Masculine-Energies /blog/ 301
/single-post/2014/07/01/The-Pursuit-of-Happiness /blog/the-pursuit-of-happiness/ 301
/single-post/2014/06/01/What-is-Gratitude /blog/ 301
/single-post/2016/01/06/Essence-is-the-Story-of-Experience /blog/the-story-of-your-life/ 301
/single-post/2015/11/02/Information-vs-Knowledge-vs-Wisdom /blog/the-evolution-of-information-to-wisdom/ 301
/single-post/2015/10/08/Do-You-Speak-Nature-How-to-receive-insights-from-nature /blog/do-you-speak-nature/ 301
/single-post/2015/09/29/Pleasure /blog/i-weep-pleasure/ 301
/single-post/2015/09/29/Receptivity /blog/the-power-of-receptivity/ 301
/single-post/2015/09/29/Lineage-of-Divine-Femininity /blog/an-honour-to-my-mother/ 301
/single-post/2015/09/21/Initiation-Priestess-of-the-Moon /blog/initiation/ 301
/single-post/2015/09/07/Healing-with-Spirit-Plant-Medicine-A-Portal-of-Truth /blog/healing-with-spirit-plant-medicine-a-portal-of-truth/ 301
/single-post/2015/06/04/The-Trouble-with-Idolization-How-To-Begin-To-Trust-Your-Own-Wisdom-Guidance-and-Discernment /blog/the-trouble-with-idolization-how-to-begin-to-trust-your-own-wisdom/ 301
/single-post/2015/04/23/My-Woman /blog/my-woman/ 301
/single-post/2015/04/03/Sustaining-Maintaining-Romantic-Relationships /blog/sustaining-maintaining-romantic-relationships/ 301
/single-post/2015/01/31/Healing-Healed /blog/healing-vs-healed/ 301
/single-post/2014/06/01/What-is-Gratitude /blog/what-is-gratitude/ 301
